{
	"credit": "Made with Blockbench",
	"parent": "block/block",
	"texture_size": [16, 32],
	"textures": {
		"0": "computercraft:block/wireless_modem_normal_off",
		"particle": "computercraft:block/wireless_modem_normal_off"
	},
	"elements": [
		{
			"from": [10, 13, 0],
			"to": [11, 18, 1],
			"rotation": {"angle": 0, "axis": "x", "origin": [0.5, 5, 0]},
			"faces": {
				"north": {"uv": [6, 8, 7, 10.5], "texture": "#0"},
				"east": {"uv": [5, 8, 6, 10.5], "texture": "#0"},
				"south": {"uv": [6, 8, 7, 10.5], "texture": "#0"},
				"west": {"uv": [5, 8, 6, 10.5], "texture": "#0"},
				"up": {"uv": [6, 8, 5, 7.5], "texture": "#0"},
				"down": {"uv": [7, 7.5, 6, 8], "texture": "#0"}
			}
		},
		{
			"from": [3, 3, -2],
			"to": [13, 13, 2],
			"faces": {
				"north": {"uv": [4, 2, 14, 7], "texture": "#0", "cullface": "north"},
				"east": {"uv": [4, 2, 0, 7], "texture": "#0"},
				"south": {"uv": [4, 2, 14, 7], "texture": "#0"},
				"west": {"uv": [0, 2, 4, 7], "texture": "#0"},
				"up": {"uv": [4, 0, 14, 2], "texture": "#0"},
				"down": {"uv": [4, 2, 14, 0], "texture": "#0"}
			}
		},
		{
			"from": [9, 17, -1],
			"to": [12, 17, 2],
			"rotation": {"angle": 0, "axis": "y", "origin": [10, 15, -1]},
			"faces": {
				"north": {"uv": [0, 0, 3, 0], "texture": "#missing"},
				"east": {"uv": [0, 0, 3, 0], "texture": "#missing"},
				"south": {"uv": [0, 0, 3, 0], "texture": "#missing"},
				"west": {"uv": [0, 0, 3, 0], "texture": "#missing"},
				"up": {"uv": [0, 14.5, 3, 16], "texture": "#0"},
				"down": {"uv": [0, 0, 3, 1.5], "texture": "#0"}
			}
		}
	],
	"display": {
		"thirdperson_righthand": {
			"rotation": [75, 180, 0],
			"translation": [0, 2.5, 0],
			"scale": [0.5, 0.5, 0.5]
		},
		"thirdperson_lefthand": {
			"translation": [0, 2.5, 0],
			"scale": [0.5, 0.5, 0.5]
		},
		"firstperson_righthand": {
			"rotation": [0, 45, 0],
			"scale": [0.4, 0.4, 0.4]
		},
		"firstperson_lefthand": {
			"rotation": [0, 45, 0],
			"scale": [0.4, 0.4, 0.4]
		},
		"ground": {
			"translation": [0, 3, 0],
			"scale": [0.5, 0.5, 0.5]
		},
		"gui": {
			"rotation": [30, 45, 0],
			"translation": [3.95, -2.25, 0],
			"scale": [0.75, 0.75, 0.75]
		},
		"fixed": {
			"translation": [0, 0, 8]
		}
	}
}